-- local seed data
-- safe re-run: delete children first, then parents

DELETE FROM auths;
DELETE FROM post_likes;
DELETE FROM comments;
DELETE FROM post_images;
DELETE FROM user_profile_images;
DELETE FROM posts;
DELETE FROM boards;
DELETE FROM users;

-- users
INSERT INTO users (id, email, password, nickname, created_at, updated_at) VALUES
  (1, 'alice@example.com', 'Passw0rd!', 'alice', '2026-06-01 09:00:00', '2026-06-01 09:00:00'),
  (2, 'bob@example.com', 'Passw0rd!', 'bob', '2026-06-01 09:10:00', '2026-06-01 09:10:00'),
  (3, 'carol@example.com', 'Passw0rd!', 'carol', '2026-06-01 09:20:00', '2026-06-01 09:20:00'),
  (4, 'dave@example.com', 'Passw0rd!', 'dave', '2026-06-01 09:30:00', '2026-06-01 09:30:00'),
  (5, 'erin@example.com', 'Passw0rd!', 'erin', '2026-06-01 09:40:00', '2026-06-01 09:40:00'),
  (6, 'frank@example.com', 'Passw0rd!', 'frank', '2026-06-01 09:50:00', '2026-06-01 09:50:00'),
  (7, 'grace@example.com', 'Passw0rd!', 'grace', '2026-06-01 10:00:00', '2026-06-01 10:00:00'),
  (8, 'henry@example.com', 'Passw0rd!', 'henry', '2026-06-01 10:10:00', '2026-06-01 10:10:00');

-- boards
INSERT INTO boards (id, code, name, description, is_active, created_at, updated_at) VALUES
  (1, 'FREE', '자유게시판', '자유롭게 이야기하는 게시판', true, '2026-06-01 09:00:00', '2026-06-01 09:00:00'),
  (2, 'SECRET', '비밀게시판', '비밀 글을 작성하는 게시판', true, '2026-06-01 09:00:00', '2026-06-01 09:00:00'),
  (3, 'GRADUATE', '졸업생게시판', '졸업생을 위한 게시판', true, '2026-06-01 09:00:00', '2026-06-01 09:00:00'),
  (4, 'FRESHMAN', '새내기게시판', '새내기를 위한 게시판', true, '2026-06-01 09:00:00', '2026-06-01 09:00:00'),
  (5, 'MARKET', '장터게시판', '중고책 등 거래 게시판', true, '2026-06-01 09:00:00', '2026-06-01 09:00:00');

-- user profile images (1:1)
INSERT INTO user_profile_images (id, user_id, user_profile_image_url) VALUES
  (1, 1, 'https://cdn.local/users/1/profile.jpg'),
  (2, 2, 'https://cdn.local/users/2/profile.jpg'),
  (3, 3, 'https://cdn.local/users/3/profile.jpg'),
  (4, 4, 'https://cdn.local/users/4/profile.jpg'),
  (5, 5, 'https://cdn.local/users/5/profile.jpg'),
  (6, 6, 'https://cdn.local/users/6/profile.jpg'),
  (7, 7, 'https://cdn.local/users/7/profile.jpg'),
  (8, 8, 'https://cdn.local/users/8/profile.jpg');

-- posts
INSERT INTO posts (id, board_id, user_id, title, description, view_count, like_count, comment_count, created_at, updated_at) VALUES
  (1, 1, 1, '첫 번째 게시글', 'alice가 작성한 게시글입니다.', 120, 12, 1, '2026-06-02 10:00:00', '2026-06-02 10:00:00'),
  (2, 1, 2, 'Spring Data JPA 후기', 'bob의 JPA 학습 기록입니다.', 87, 3, 1, '2026-06-02 11:00:00', '2026-06-02 11:00:00'),
  (3, 1, 3, 'QueryDSL 정리', 'carol이 정리한 QueryDSL 팁.', 45, 1, 1, '2026-06-02 12:00:00', '2026-06-02 12:00:00'),
  (4, 2, 1, '댓글 페이징 테스트', '커서 기반 페이징 검증용 게시글.', 64, 101, 20, '2026-06-03 09:00:00', '2026-06-03 09:00:00'),
  (5, 3, 4, '인증/인가 체크', 'dave가 올린 인증 관련 메모.', 32, 0, 1, '2026-06-03 10:00:00', '2026-06-03 10:00:00'),
  (6, 4, 6, '로컬 시드 테스트 A', 'frank가 작성한 테스트 게시글.', 21, 1, 1, '2026-06-03 11:00:00', '2026-06-03 11:00:00'),
  (7, 5, 7, '로컬 시드 테스트 B', 'grace가 작성한 테스트 게시글.', 17, 2, 0, '2026-06-03 11:30:00', '2026-06-03 11:30:00'),
  (8, 5, 8, '로컬 시드 테스트 C', 'henry가 작성한 테스트 게시글.', 13, 1, 0, '2026-06-03 12:00:00', '2026-06-03 12:00:00');

-- post images (1:1)
INSERT INTO post_images (id, post_id, post_image_url) VALUES
  (1, 1, 'https://cdn.local/posts/1/main.jpg'),
  (2, 2, 'https://cdn.local/posts/2/main.jpg'),
  (3, 3, 'https://cdn.local/posts/3/main.jpg'),
  (4, 4, 'https://cdn.local/posts/4/main.jpg'),
  (5, 5, 'https://cdn.local/posts/5/main.jpg'),
  (6, 6, 'https://cdn.local/posts/6/main.jpg'),
  (7, 7, 'https://cdn.local/posts/7/main.jpg'),
  (8, 8, 'https://cdn.local/posts/8/main.jpg');

-- comments
INSERT INTO comments (id, post_id, user_id, content, created_at, updated_at) VALUES
  (1, 4, 2, '페이징 테스트 댓글 1', '2026-06-03 15:00:00', '2026-06-03 15:00:00'),
  (2, 4, 3, '페이징 테스트 댓글 2', '2026-06-03 15:00:00', '2026-06-03 15:00:00'),
  (3, 4, 4, '페이징 테스트 댓글 3', '2026-06-03 15:01:00', '2026-06-03 15:01:00'),
  (4, 4, 5, '페이징 테스트 댓글 4', '2026-06-03 15:02:00', '2026-06-03 15:02:00'),
  (5, 4, 6, '페이징 테스트 댓글 5', '2026-06-03 15:03:00', '2026-06-03 15:03:00'),
  (6, 4, 7, '페이징 테스트 댓글 6', '2026-06-03 15:04:00', '2026-06-03 15:04:00'),
  (7, 4, 8, '페이징 테스트 댓글 7', '2026-06-03 15:05:00', '2026-06-03 15:05:00'),
  (8, 4, 1, '페이징 테스트 댓글 8', '2026-06-03 15:06:00', '2026-06-03 15:06:00'),
  (9, 4, 2, '페이징 테스트 댓글 9', '2026-06-03 15:07:00', '2026-06-03 15:07:00'),
  (10, 4, 3, '페이징 테스트 댓글 10', '2026-06-03 15:08:00', '2026-06-03 15:08:00'),
  (11, 4, 4, '페이징 테스트 댓글 11', '2026-06-03 15:09:00', '2026-06-03 15:09:00'),
  (12, 4, 5, '페이징 테스트 댓글 12', '2026-06-03 15:10:00', '2026-06-03 15:10:00'),
  (13, 4, 6, '페이징 테스트 댓글 13', '2026-06-03 15:11:00', '2026-06-03 15:11:00'),
  (14, 4, 7, '페이징 테스트 댓글 14', '2026-06-03 15:12:00', '2026-06-03 15:12:00'),
  (15, 4, 8, '페이징 테스트 댓글 15', '2026-06-03 15:13:00', '2026-06-03 15:13:00'),
  (16, 4, 1, '페이징 테스트 댓글 16', '2026-06-03 15:14:00', '2026-06-03 15:14:00'),
  (17, 4, 2, '페이징 테스트 댓글 17', '2026-06-03 15:15:00', '2026-06-03 15:15:00'),
  (18, 4, 3, '페이징 테스트 댓글 18', '2026-06-03 15:16:00', '2026-06-03 15:16:00'),
  (19, 4, 4, '페이징 테스트 댓글 19', '2026-06-03 15:17:00', '2026-06-03 15:17:00'),
  (20, 4, 5, '페이징 테스트 댓글 20', '2026-06-03 15:18:00', '2026-06-03 15:18:00'),
  (21, 1, 6, 'frank 의견 남깁니다.', '2026-06-03 15:50:00', '2026-06-03 15:50:00'),
  (22, 2, 7, 'grace 의견 남깁니다.', '2026-06-03 15:51:00', '2026-06-03 15:51:00'),
  (23, 3, 8, 'henry 의견 남깁니다.', '2026-06-03 15:52:00', '2026-06-03 15:52:00'),
  (24, 5, 1, '인증 글 잘 읽었습니다.', '2026-06-03 15:53:00', '2026-06-03 15:53:00'),
  (25, 6, 2, '확장 데이터 확인용 댓글', '2026-06-03 15:54:00', '2026-06-03 15:54:00');

-- post likes
INSERT INTO post_likes (id, post_id, user_id, created_at) VALUES
  (1, 1, 2, '2026-06-03 16:00:00'),
  (2, 1, 3, '2026-06-03 16:01:00'),
  (3, 2, 1, '2026-06-03 16:10:00'),
  (4, 2, 3, '2026-06-03 16:11:00'),
  (5, 2, 5, '2026-06-03 16:12:00'),
  (6, 3, 1, '2026-06-03 16:20:00'),
  (7, 4, 2, '2026-06-03 16:30:00'),
  (8, 4, 5, '2026-06-03 16:31:00'),
  (9, 5, 1, '2026-06-03 16:40:00'),
  (10, 6, 2, '2026-06-03 16:41:00'),
  (11, 6, 3, '2026-06-03 16:42:00'),
  (12, 7, 4, '2026-06-03 16:43:00'),
  (13, 7, 5, '2026-06-03 16:44:00'),
  (14, 8, 6, '2026-06-03 16:45:00'),
  (15, 8, 7, '2026-06-03 16:46:00');

-- auths (optional local login sessions)
INSERT INTO auths (id, user_id, token, expires_at, created_at, updated_at) VALUES
  (1, 1, 'local-refresh-token-user-1', '2026-07-01 00:00:00', '2026-06-03 17:00:00', '2026-06-03 17:00:00'),
  (2, 2, 'local-refresh-token-user-2', '2026-07-01 00:00:00', '2026-06-03 17:00:00', '2026-06-03 17:00:00'),
  (3, 3, 'local-refresh-token-user-3', '2026-07-01 00:00:00', '2026-06-03 17:00:00', '2026-06-03 17:00:00');
